x-axis,y-axis,DryCoefficient,DryP-value,WetCoefficient,WetP-value,AllCoefficient,AllP-value
TempsDiff,PrecipsDiff,0.59156,0.04276,-0.33976,0.27992,0.0457,0.83207
MaxTempsDiff,PrecipsDiff,0.2817,0.37507,-0.65734,0.02019,-0.41846,0.04184
TempRangesDiff,PrecipsDiff,-0.70424,0.01057,-0.87413,0.0002,-0.82176,0.0
HumidsDiff,PrecipsDiff,0.55635,0.0603,0.91419,3e-05,0.81098,0.0
MaxTempsDiff,TempsDiff,0.81818,0.00114,0.88617,0.00012,0.82028,0.0
TempRangesDiff,TempsDiff,-0.46853,0.12445,0.68652,0.01367,0.097,0.65207
HumidsDiff,TempsDiff,0.35664,0.25514,-0.56491,0.05564,-0.05876,0.78506
TempRangesDiff,MaxTempsDiff,0.01399,0.96559,0.91608,3e-05,0.59204,0.00231
HumidsDiff,MaxTempsDiff,0.09091,0.77873,-0.83012,0.00083,-0.49075,0.0149
