x-axis,y-axis,DryCoefficient,DryP-value,WetCoefficient,WetP-value,AllCoefficient,AllP-value
AvgTemps,AvgPrecips,0.38029,0.22267,-0.16084,0.61752,0.56745,0.00383
AvgMaxTemps,AvgPrecips,0.13757,0.66985,-0.60596,0.03676,0.02092,0.92272
AvgTempRanges,AvgPrecips,-0.46914,0.1239,-0.67133,0.01683,-0.86485,0.0
AvgHumids,AvgPrecips,0.43663,0.15585,0.71103,0.00953,0.86411,0.0
AvgMaxTemps,AvgTemps,0.87916,0.00017,0.70403,0.0106,0.73748,4e-05
AvgTempRanges,AvgTemps,0.16813,0.60145,0.52448,0.08002,-0.27963,0.18572
AvgHumids,AvgTemps,-0.34965,0.26524,-0.662,0.01902,0.22541,0.28958
AvgTempRanges,AvgMaxTemps,0.49123,0.10485,0.95272,0.0,0.31221,0.13746
AvgHumids,AvgMaxTemps,-0.59545,0.04107,-0.90526,5e-05,-0.35076,0.09286
