x-axis,y-axis,DryCoefficient,DryP-value,WetCoefficient,WetP-value,AllCoefficient,AllP-value
TempsDiff,PrecipsDiff,0.31429,0.54409,-0.7,0.18812,-0.03636,0.91547
MaxTempsDiff,PrecipsDiff,-0.14286,0.78717,-0.9,0.03739,-0.45455,0.16015
TempRangesDiff,PrecipsDiff,-0.77143,0.0724,-0.9,0.03739,-0.86364,0.00061
HumidsDiff,PrecipsDiff,0.65714,0.15617,0.7,0.18812,0.59091,0.05558
MaxTempsDiff,TempsDiff,0.82857,0.04156,0.4,0.50463,0.82727,0.00168
TempRangesDiff,TempsDiff,-0.77143,0.0724,0.5,0.391,-0.28182,0.40114
HumidsDiff,TempsDiff,0.25714,0.62279,-0.8,0.10409,-0.08182,0.81099
TempRangesDiff,MaxTempsDiff,-0.37143,0.46848,0.8,0.10409,0.12727,0.70921
HumidsDiff,MaxTempsDiff,0.02857,0.95715,-0.6,0.28476,-0.35455,0.28469
