SystemCode,Diff,Diff2,Mean,Mean2,Obs,Obs2
hum,-0.23143075,-0.985221309,-0.01143075,0.004778691,-0.22,-0.99