SystemCode,Diff,Mean,Obs,SE
hum.1,-0.23143075,-0.01143075,-0.22,0.4315
hum.2,-0.985221309,0.004778691,-0.99,0.4315