x-axis,y-axis,DryCoefficient,DryP-value,WetCoefficient,WetP-value,AllCoefficient,AllP-value
AvgTemps,AvgPrecips,0.71429,0.11079,-0.3,0.62384,0.69091,0.01857
AvgMaxTemps,AvgPrecips,-0.02857,0.95715,-0.9,0.03739,0.22727,0.50154
AvgTempRanges,AvgPrecips,-0.88571,0.01885,-0.9,0.03739,-0.97273,0.0
AvgHumids,AvgPrecips,0.82857,0.04156,0.4,0.50463,0.83372,0.00143
AvgMaxTemps,AvgTemps,0.65714,0.15617,0.1,0.87289,0.73636,0.00976
AvgTempRanges,AvgTemps,-0.77143,0.0724,0.1,0.87289,-0.71818,0.0128
AvgHumids,AvgTemps,0.37143,0.46848,-0.1,0.87289,0.47836,0.13665
AvgTempRanges,AvgMaxTemps,-0.2,0.704,1.0,0.0,-0.29091,0.38546
AvgHumids,AvgMaxTemps,-0.25714,0.62279,-0.7,0.18812,0.00456,0.98939
