x-axis,y-axis,DryCoefficient,DryP-value,WetCoefficient,WetP-value,AllCoefficient,AllP-value
AvgTemps,AvgPrecips,0.6,0.208,0.3,0.62384,0.69091,0.01857
AvgMaxTemps,AvgPrecips,-0.08571,0.87174,-0.6,0.28476,0.22727,0.50154
AvgTempRanges,AvgPrecips,-0.82857,0.04156,-0.9,0.03739,-0.96364,0.0
AvgHumids,AvgPrecips,0.82857,0.04156,-0.0513,0.93471,0.87927,0.00036
AvgMaxTemps,AvgTemps,0.71429,0.11079,0.1,0.87289,0.73636,0.00976
AvgTempRanges,AvgTemps,-0.77143,0.0724,-0.5,0.391,-0.78182,0.00447
AvgHumids,AvgTemps,0.25714,0.62279,0.46169,0.43377,0.65148,0.02988
AvgTempRanges,AvgMaxTemps,-0.31429,0.54409,0.7,0.18812,-0.37273,0.25893
AvgHumids,AvgMaxTemps,-0.25714,0.62279,-0.46169,0.43377,0.16857,0.62028
